id,target
boostcamp-sts-v1-test-000,2.9973741695284843
boostcamp-sts-v1-test-001,4.466934563219548
boostcamp-sts-v1-test-002,1.6990676283836366
boostcamp-sts-v1-test-003,0.0
boostcamp-sts-v1-test-004,3.715124773979187
boostcamp-sts-v1-test-005,3.1499678164720537
boostcamp-sts-v1-test-006,4.165172101557255
boostcamp-sts-v1-test-007,1.4666940420866013
boostcamp-sts-v1-test-008,0.4826207607984543
boostcamp-sts-v1-test-009,4.8841590359807014
boostcamp-sts-v1-test-010,1.964592945575714
boostcamp-sts-v1-test-011,2.749578315019608
boostcamp-sts-v1-test-012,3.048886559903622
boostcamp-sts-v1-test-013,2.197986100614071
boostcamp-sts-v1-test-014,1.065935018658638
boostcamp-sts-v1-test-015,4.4164180412888525
boostcamp-sts-v1-test-016,4.934510836005211
boostcamp-sts-v1-test-017,2.299188256263733
boostcamp-sts-v1-test-018,4.967943860590458
boostcamp-sts-v1-test-019,4.450332668423653
boostcamp-sts-v1-test-020,2.9191204443573953
boostcamp-sts-v1-test-021,2.65047327876091
boostcamp-sts-v1-test-022,2.0334030374884606
boostcamp-sts-v1-test-023,0.7500113755464554
boostcamp-sts-v1-test-024,1.5162347659468651
boostcamp-sts-v1-test-025,2.2823149874806403
boostcamp-sts-v1-test-026,1.1665149495005607
boostcamp-sts-v1-test-027,1.3635192528367044
boostcamp-sts-v1-test-028,3.867879368364811
boostcamp-sts-v1-test-029,3.6848870664834976
boostcamp-sts-v1-test-030,4.500464910268784
boostcamp-sts-v1-test-031,0.9327059149742127
boostcamp-sts-v1-test-032,2.28314266204834
boostcamp-sts-v1-test-033,2.698373602330685
boostcamp-sts-v1-test-034,3.1345919772982596
boostcamp-sts-v1-test-035,0.7677125990390778
boostcamp-sts-v1-test-036,3.3650024324655536
boostcamp-sts-v1-test-037,0.5682168900966643
boostcamp-sts-v1-test-038,1.4964588716626166
boostcamp-sts-v1-test-039,2.9486013293266295
boostcamp-sts-v1-test-040,0.516435444355011
boostcamp-sts-v1-test-041,3.916449263691902
boostcamp-sts-v1-test-042,0.16608052998781203
boostcamp-sts-v1-test-043,1.367230214178562
boostcamp-sts-v1-test-044,2.650065818428993
boostcamp-sts-v1-test-045,5.0
boostcamp-sts-v1-test-046,2.214216950535774
boostcamp-sts-v1-test-047,1.981840160489082
boostcamp-sts-v1-test-048,0.3163230806589127
boostcamp-sts-v1-test-049,3.433910003304482
boostcamp-sts-v1-test-050,0.0
boostcamp-sts-v1-test-051,1.5987668186426163
boostcamp-sts-v1-test-052,2.7685161337256434
boostcamp-sts-v1-test-053,3.0845005005598067
boostcamp-sts-v1-test-054,4.3165715202689166
boostcamp-sts-v1-test-055,1.533347137272358
boostcamp-sts-v1-test-056,3.716064809262752
boostcamp-sts-v1-test-057,0.9678129822015763
boostcamp-sts-v1-test-058,2.1327788278460504
boostcamp-sts-v1-test-059,3.8484862416982653
boostcamp-sts-v1-test-060,4.233783568441868
boostcamp-sts-v1-test-061,3.8513943105936046
boostcamp-sts-v1-test-062,1.6009424820542337
boostcamp-sts-v1-test-063,2.2838861525058745
boostcamp-sts-v1-test-064,2.380664750933647
boostcamp-sts-v1-test-065,4.166021713614463
boostcamp-sts-v1-test-066,3.0993471547961233
boostcamp-sts-v1-test-067,0.9006824135780336
boostcamp-sts-v1-test-068,2.349447438120842
boostcamp-sts-v1-test-069,2.8997400522232057
boostcamp-sts-v1-test-070,0.5819227635860443
boostcamp-sts-v1-test-071,3.2497698128223416
boostcamp-sts-v1-test-072,4.83375928401947
boostcamp-sts-v1-test-073,4.633262786269188
boostcamp-sts-v1-test-074,0.050700227916240695
boostcamp-sts-v1-test-075,2.184510111808777
boostcamp-sts-v1-test-076,2.7994687512516974
boostcamp-sts-v1-test-077,2.399103277921677
boostcamp-sts-v1-test-078,2.3849612787365913
boostcamp-sts-v1-test-079,4.032455039024353
boostcamp-sts-v1-test-080,1.1845120459794998
boostcamp-sts-v1-test-081,4.033733612298965
boostcamp-sts-v1-test-082,1.4485866233706473
boostcamp-sts-v1-test-083,2.0165771946310995
boostcamp-sts-v1-test-084,1.1007160171866417
boostcamp-sts-v1-test-085,4.9511747688055046
boostcamp-sts-v1-test-086,3.9496091410517695
boostcamp-sts-v1-test-087,1.0821177706122398
boostcamp-sts-v1-test-088,4.182498565316201
boostcamp-sts-v1-test-089,3.999582429230213
boostcamp-sts-v1-test-090,4.85072595924139
boostcamp-sts-v1-test-091,2.533421488106251
boostcamp-sts-v1-test-092,0.4986235812306405
boostcamp-sts-v1-test-093,2.249674159288406
boostcamp-sts-v1-test-094,4.784094625711441
boostcamp-sts-v1-test-095,1.5155382797122001
boostcamp-sts-v1-test-096,2.5319642782211305
boostcamp-sts-v1-test-097,3.3491213843226433
boostcamp-sts-v1-test-098,0.566798959672451
boostcamp-sts-v1-test-099,3.5040673449635507
boostcamp-sts-v1-test-100,1.5175180286169052
boostcamp-sts-v1-test-101,4.98452661037445
boostcamp-sts-v1-test-102,4.7676985874772075
boostcamp-sts-v1-test-103,3.8499819129705424
boostcamp-sts-v1-test-104,4.417167907953262
boostcamp-sts-v1-test-105,0.8165163144469261
boostcamp-sts-v1-test-106,3.7679774284362786
boostcamp-sts-v1-test-107,3.7167136088013653
boostcamp-sts-v1-test-108,2.18367964476347
boostcamp-sts-v1-test-109,3.931271083652973
boostcamp-sts-v1-test-110,3.5168859139084816
boostcamp-sts-v1-test-111,0.3831692457199097
boostcamp-sts-v1-test-112,0.0
boostcamp-sts-v1-test-113,3.219276456534863
boostcamp-sts-v1-test-114,1.167250569164753
boostcamp-sts-v1-test-115,2.3832672849297523
boostcamp-sts-v1-test-116,0.3668013274669647
boostcamp-sts-v1-test-117,5.0
boostcamp-sts-v1-test-118,2.9343346714973446
boostcamp-sts-v1-test-119,3.6679242596030237
boostcamp-sts-v1-test-120,4.416568042337894
boostcamp-sts-v1-test-121,2.6638145476579664
boostcamp-sts-v1-test-122,2.3172036200761794
boostcamp-sts-v1-test-123,3.369999922811985
boostcamp-sts-v1-test-124,3.2669133618474007
boostcamp-sts-v1-test-125,1.3854346603155137
boostcamp-sts-v1-test-126,3.849815033376217
boostcamp-sts-v1-test-127,4.917775714397431
boostcamp-sts-v1-test-128,3.8993207156658167
boostcamp-sts-v1-test-129,4.951076759397983
boostcamp-sts-v1-test-130,3.064637856185436
boostcamp-sts-v1-test-131,4.150829054415226
boostcamp-sts-v1-test-132,4.850527954101563
boostcamp-sts-v1-test-133,2.7014521688222883
boostcamp-sts-v1-test-134,5.0
boostcamp-sts-v1-test-135,3.9163799718022343
boostcamp-sts-v1-test-136,1.032803052663803
boostcamp-sts-v1-test-137,3.6992704421281815
boostcamp-sts-v1-test-138,2.6987975910305977
boostcamp-sts-v1-test-139,2.835480016469955
boostcamp-sts-v1-test-140,4.2828185051679615
boostcamp-sts-v1-test-141,1.1653220728039742
boostcamp-sts-v1-test-142,2.8179736211895943
boostcamp-sts-v1-test-143,4.584299725294113
boostcamp-sts-v1-test-144,0.7171154916286469
boostcamp-sts-v1-test-145,0.4155526667833328
boostcamp-sts-v1-test-146,0.7998664155602456
boostcamp-sts-v1-test-147,0.8009160190820694
boostcamp-sts-v1-test-148,0.7828380197286605
boostcamp-sts-v1-test-149,4.132602722942829
boostcamp-sts-v1-test-150,2.1201598241925237
boostcamp-sts-v1-test-151,4.884526239335537
boostcamp-sts-v1-test-152,2.2164488688111303
boostcamp-sts-v1-test-153,2.4011568889021873
boostcamp-sts-v1-test-154,0.9832172587513924
boostcamp-sts-v1-test-155,1.4575159698724747
boostcamp-sts-v1-test-156,4.8683778792619705
boostcamp-sts-v1-test-157,4.934708841145039
boostcamp-sts-v1-test-158,4.733630412817001
boostcamp-sts-v1-test-159,1.2996054351329804
boostcamp-sts-v1-test-160,4.484414876997471
boostcamp-sts-v1-test-161,0.818314728140831
boostcamp-sts-v1-test-162,3.3339982822537424
boostcamp-sts-v1-test-163,1.56835657954216
boostcamp-sts-v1-test-164,3.4657325208187104
boostcamp-sts-v1-test-165,4.833708804845809
boostcamp-sts-v1-test-166,0.7828829139471054
boostcamp-sts-v1-test-167,4.066932186484337
boostcamp-sts-v1-test-168,0.7502497613430024
boostcamp-sts-v1-test-169,4.367363855242729
boostcamp-sts-v1-test-170,3.3809408441185953
boostcamp-sts-v1-test-171,2.455913026630878
boostcamp-sts-v1-test-172,4.683679364621639
boostcamp-sts-v1-test-173,1.3998808279633523
boostcamp-sts-v1-test-174,4.400961284339428
boostcamp-sts-v1-test-175,2.1317227095365525
boostcamp-sts-v1-test-176,0.0
boostcamp-sts-v1-test-177,4.917958946526051
boostcamp-sts-v1-test-178,1.7504282668232918
boostcamp-sts-v1-test-179,4.0677482500672335
boostcamp-sts-v1-test-180,2.83398397564888
boostcamp-sts-v1-test-181,2.767261730134487
boostcamp-sts-v1-test-182,2.400563310086727
boostcamp-sts-v1-test-183,0.9666290283203124
boostcamp-sts-v1-test-184,2.870166373252869
boostcamp-sts-v1-test-185,4.4504970729351045
boostcamp-sts-v1-test-186,3.6505839332938192
boostcamp-sts-v1-test-187,3.8667961642146107
boostcamp-sts-v1-test-188,0.0
boostcamp-sts-v1-test-189,3.732201912999153
boostcamp-sts-v1-test-190,3.0008570864796638
boostcamp-sts-v1-test-191,1.1020400300621986
boostcamp-sts-v1-test-192,1.5486085623502732
boostcamp-sts-v1-test-193,2.2839652821421623
boostcamp-sts-v1-test-194,2.051733721792698
boostcamp-sts-v1-test-195,1.5670133844017982
boostcamp-sts-v1-test-196,1.7338661178946495
boostcamp-sts-v1-test-197,4.450468198955059
boostcamp-sts-v1-test-198,4.06636934876442
boostcamp-sts-v1-test-199,0.7836152672767639
boostcamp-sts-v1-test-200,3.1665697634220127
boostcamp-sts-v1-test-201,3.7642527654767033
boostcamp-sts-v1-test-202,4.650747878849506
boostcamp-sts-v1-test-203,0.4496674045920372
boostcamp-sts-v1-test-204,2.3847817167639733
boostcamp-sts-v1-test-205,2.266082614660263
boostcamp-sts-v1-test-206,1.8984951019287108
boostcamp-sts-v1-test-207,2.133746774494648
boostcamp-sts-v1-test-208,0.8002312481403352
boostcamp-sts-v1-test-209,3.298404169082642
boostcamp-sts-v1-test-210,1.4995323494076729
boostcamp-sts-v1-test-211,2.53348301500082
boostcamp-sts-v1-test-212,1.2997136294841767
boostcamp-sts-v1-test-213,0.9657881259918213
boostcamp-sts-v1-test-214,4.233246323466301
boostcamp-sts-v1-test-215,3.6194072663784027
boostcamp-sts-v1-test-216,3.7824985072016717
boostcamp-sts-v1-test-217,1.919690588116646
boostcamp-sts-v1-test-218,2.0184048518538478
boostcamp-sts-v1-test-219,0.3503614813089371
boostcamp-sts-v1-test-220,3.783400584757328
boostcamp-sts-v1-test-221,3.367803341150284
boostcamp-sts-v1-test-222,4.248867906630039
boostcamp-sts-v1-test-223,2.485499070584774
boostcamp-sts-v1-test-224,4.567633739113807
boostcamp-sts-v1-test-225,3.9162679806351663
boostcamp-sts-v1-test-226,4.099568027257919
boostcamp-sts-v1-test-227,3.269743409752846
boostcamp-sts-v1-test-228,2.982899194955826
boostcamp-sts-v1-test-229,0.016585120558738706
boostcamp-sts-v1-test-230,1.0823344320058823
boostcamp-sts-v1-test-231,1.083363273739815
boostcamp-sts-v1-test-232,3.7993339940905573
boostcamp-sts-v1-test-233,1.6963674396276476
boostcamp-sts-v1-test-234,0.0
boostcamp-sts-v1-test-235,2.7362032622098926
boostcamp-sts-v1-test-236,2.4152183547616004
boostcamp-sts-v1-test-237,2.682599714398384
boostcamp-sts-v1-test-238,2.1499391362071036
boostcamp-sts-v1-test-239,2.1829837217926977
boostcamp-sts-v1-test-240,1.6678262203931808
boostcamp-sts-v1-test-241,1.0652005597949028
boostcamp-sts-v1-test-242,0.18404687047004697
boostcamp-sts-v1-test-243,4.734678347408772
boostcamp-sts-v1-test-244,1.4818082362413405
boostcamp-sts-v1-test-245,4.4173624336719515
boostcamp-sts-v1-test-246,2.8975932106375692
boostcamp-sts-v1-test-247,4.235062302649021
boostcamp-sts-v1-test-248,4.317195604741573
boostcamp-sts-v1-test-249,4.1658178061246876
boostcamp-sts-v1-test-250,0.7989360049366951
boostcamp-sts-v1-test-251,1.218245953321457
boostcamp-sts-v1-test-252,0.0
boostcamp-sts-v1-test-253,3.500612895190716
boostcamp-sts-v1-test-254,3.1500151336193083
boostcamp-sts-v1-test-255,4.91749368160963
boostcamp-sts-v1-test-256,3.7004844352602957
boostcamp-sts-v1-test-257,1.580715535581112
boostcamp-sts-v1-test-258,4.5342342630028725
boostcamp-sts-v1-test-259,3.0012280866503716
boostcamp-sts-v1-test-260,4.801244954764843
boostcamp-sts-v1-test-261,4.516699653863907
boostcamp-sts-v1-test-262,4.034251029789448
boostcamp-sts-v1-test-263,4.283812955021858
boostcamp-sts-v1-test-264,4.5845433786511425
boostcamp-sts-v1-test-265,3.984044556319713
boostcamp-sts-v1-test-266,4.299883241951466
boostcamp-sts-v1-test-267,3.0502638295292854
boostcamp-sts-v1-test-268,0.7831665113568306
boostcamp-sts-v1-test-269,0.18311408907175064
boostcamp-sts-v1-test-270,4.718042482435703
boostcamp-sts-v1-test-271,2.166064856946468
boostcamp-sts-v1-test-272,2.6512587472796443
boostcamp-sts-v1-test-273,4.967726658284664
boostcamp-sts-v1-test-274,4.166080220043659
boostcamp-sts-v1-test-275,4.684364135563373
boostcamp-sts-v1-test-276,2.1328034535050393
boostcamp-sts-v1-test-277,1.9215784430503848
boostcamp-sts-v1-test-278,2.5651469931006434
boostcamp-sts-v1-test-279,4.7674282699823385
boostcamp-sts-v1-test-280,1.1167920276522636
boostcamp-sts-v1-test-281,4.0837817072868345
boostcamp-sts-v1-test-282,4.619170896708965
boostcamp-sts-v1-test-283,0.4334019050002098
boostcamp-sts-v1-test-284,3.8004936546087267
boostcamp-sts-v1-test-285,2.117603838443756
boostcamp-sts-v1-test-286,1.6509887993335723
boostcamp-sts-v1-test-287,4.000080925226211
boostcamp-sts-v1-test-288,0.05034937709569931
boostcamp-sts-v1-test-289,0.033599852025508886
boostcamp-sts-v1-test-290,1.1978967189788818
boostcamp-sts-v1-test-291,0.08316924124956132
boostcamp-sts-v1-test-292,3.73300115019083
boostcamp-sts-v1-test-293,2.7294845953583717
boostcamp-sts-v1-test-294,1.7847772985696793
boostcamp-sts-v1-test-295,3.18242047727108
boostcamp-sts-v1-test-296,3.0041145876049997
boostcamp-sts-v1-test-297,0.0
boostcamp-sts-v1-test-298,5.0
boostcamp-sts-v1-test-299,0.8996211990714074
boostcamp-sts-v1-test-300,5.0
boostcamp-sts-v1-test-301,2.848614659905434
boostcamp-sts-v1-test-302,1.1834313541650772
boostcamp-sts-v1-test-303,2.8003932595252987
boostcamp-sts-v1-test-304,3.2319065779447556
boostcamp-sts-v1-test-305,1.8652005195617676
boostcamp-sts-v1-test-306,2.662738093733787
boostcamp-sts-v1-test-307,4.683882148563861
boostcamp-sts-v1-test-308,1.033177562057972
boostcamp-sts-v1-test-309,1.2173015758395196
boostcamp-sts-v1-test-310,4.0840417653322225
boostcamp-sts-v1-test-311,2.0661496937274935
boostcamp-sts-v1-test-312,0.2335310369729996
boostcamp-sts-v1-test-313,4.867927084863187
boostcamp-sts-v1-test-314,2.6648465931415557
boostcamp-sts-v1-test-315,2.9313074097037317
boostcamp-sts-v1-test-316,4.2508310422301285
boostcamp-sts-v1-test-317,1.2513880893588067
boostcamp-sts-v1-test-318,4.934377609193326
boostcamp-sts-v1-test-319,1.1832141518592834
boostcamp-sts-v1-test-320,0.5324718132615089
boostcamp-sts-v1-test-321,0.699621143937111
boostcamp-sts-v1-test-322,4.000181238353252
boostcamp-sts-v1-test-323,0.9341440469026565
boostcamp-sts-v1-test-324,1.1006136506795883
boostcamp-sts-v1-test-325,4.750129941105842
boostcamp-sts-v1-test-326,4.149784177541732
boostcamp-sts-v1-test-327,2.1002220645546914
boostcamp-sts-v1-test-328,3.115917591750622
boostcamp-sts-v1-test-329,0.5995327576994895
boostcamp-sts-v1-test-330,1.2985184341669083
boostcamp-sts-v1-test-331,3.933867102861404
boostcamp-sts-v1-test-332,4.033861956000328
boostcamp-sts-v1-test-333,4.851029123365879
boostcamp-sts-v1-test-334,1.2010998249053957
boostcamp-sts-v1-test-335,4.181688034534454
boostcamp-sts-v1-test-336,3.8166639894247054
boostcamp-sts-v1-test-337,1.5835321098566055
boostcamp-sts-v1-test-338,4.917741744220257
boostcamp-sts-v1-test-339,2.06594432592392
boostcamp-sts-v1-test-340,1.6160363405942917
boostcamp-sts-v1-test-341,5.0
boostcamp-sts-v1-test-342,2.6010249122977256
boostcamp-sts-v1-test-343,2.4717096731066706
boostcamp-sts-v1-test-344,4.901159363985062
boostcamp-sts-v1-test-345,3.817298437654972
boostcamp-sts-v1-test-346,2.150260639190674
boostcamp-sts-v1-test-347,3.099878430366516
boostcamp-sts-v1-test-348,2.29911270737648
boostcamp-sts-v1-test-349,1.4671774700284004
boostcamp-sts-v1-test-350,4.850728751718998
boostcamp-sts-v1-test-351,2.80004767626524
boostcamp-sts-v1-test-352,2.632313518226147
boostcamp-sts-v1-test-353,0.383336390554905
boostcamp-sts-v1-test-354,0.0
boostcamp-sts-v1-test-355,2.1518024891614913
boostcamp-sts-v1-test-356,3.966750954091549
boostcamp-sts-v1-test-357,1.1496366068720818
boostcamp-sts-v1-test-358,2.5502819478511807
boostcamp-sts-v1-test-359,3.849783959984779
boostcamp-sts-v1-test-360,4.20035080909729
boostcamp-sts-v1-test-361,1.3004343718290328
boostcamp-sts-v1-test-362,2.8999856397509576
boostcamp-sts-v1-test-363,0.0
boostcamp-sts-v1-test-364,3.6306968957185743
boostcamp-sts-v1-test-365,5.0
boostcamp-sts-v1-test-366,1.449962627887726
boostcamp-sts-v1-test-367,1.2489697352051736
boostcamp-sts-v1-test-368,0.0
boostcamp-sts-v1-test-369,0.5131145909428597
boostcamp-sts-v1-test-370,1.5008468940854072
boostcamp-sts-v1-test-371,4.055835324525833
boostcamp-sts-v1-test-372,3.633065135776997
boostcamp-sts-v1-test-373,0.0
boostcamp-sts-v1-test-374,0.9338862031698227
boostcamp-sts-v1-test-375,4.617198032140731
boostcamp-sts-v1-test-376,2.196155001223087
boostcamp-sts-v1-test-377,3.150254575908184
boostcamp-sts-v1-test-378,5.0
boostcamp-sts-v1-test-379,4.767010654509067
boostcamp-sts-v1-test-380,1.832015505433083
boostcamp-sts-v1-test-381,0.4499493852257728
boostcamp-sts-v1-test-382,1.9337091162800788
boostcamp-sts-v1-test-383,2.247346493601799
boostcamp-sts-v1-test-384,0.7834124833345413
boostcamp-sts-v1-test-385,2.417627662420273
boostcamp-sts-v1-test-386,3.9002624198794362
boostcamp-sts-v1-test-387,1.9500323116779328
boostcamp-sts-v1-test-388,1.2989691764116287
boostcamp-sts-v1-test-389,2.2672950059175494
boostcamp-sts-v1-test-390,4.368461410701275
boostcamp-sts-v1-test-391,2.066827169060707
boostcamp-sts-v1-test-392,1.1169503390789033
boostcamp-sts-v1-test-393,4.984710212051868
boostcamp-sts-v1-test-394,4.064404881000519
boostcamp-sts-v1-test-395,3.8828688740730284
boostcamp-sts-v1-test-396,0.6002980768680573
boostcamp-sts-v1-test-397,4.0638024538755415
boostcamp-sts-v1-test-398,1.9844789311289786
boostcamp-sts-v1-test-399,0.8815852493047714
boostcamp-sts-v1-test-400,2.533566762506962
boostcamp-sts-v1-test-401,1.6850651621818544
boostcamp-sts-v1-test-402,1.4339122921228409
boostcamp-sts-v1-test-403,4.984941448271274
boostcamp-sts-v1-test-404,4.9172261044383045
boostcamp-sts-v1-test-405,0.8184525206685067
boostcamp-sts-v1-test-406,4.350945879518986
boostcamp-sts-v1-test-407,1.8146466225385662
boostcamp-sts-v1-test-408,3.5832239732146265
boostcamp-sts-v1-test-409,4.851375143229961
boostcamp-sts-v1-test-410,2.432664209604263
boostcamp-sts-v1-test-411,1.3998520210385323
boostcamp-sts-v1-test-412,0.6492549926042557
boostcamp-sts-v1-test-413,4.068147000670432
boostcamp-sts-v1-test-414,3.482832475006581
boostcamp-sts-v1-test-415,0.5670277878642083
boostcamp-sts-v1-test-416,3.2329846858978275
boostcamp-sts-v1-test-417,2.883662985265255
boostcamp-sts-v1-test-418,4.650630687177181
boostcamp-sts-v1-test-419,2.0011589884757996
boostcamp-sts-v1-test-420,4.166263873875141
boostcamp-sts-v1-test-421,3.8349424168467516
boostcamp-sts-v1-test-422,3.949667456746101
boostcamp-sts-v1-test-423,4.250132237374783
boostcamp-sts-v1-test-424,2.4995516508817675
boostcamp-sts-v1-test-425,1.6986431136727334
boostcamp-sts-v1-test-426,2.3496673807501796
boostcamp-sts-v1-test-427,4.6341442778706545
boostcamp-sts-v1-test-428,4.065037816762924
boostcamp-sts-v1-test-429,3.134084558486939
boostcamp-sts-v1-test-430,0.7320069879293442
boostcamp-sts-v1-test-431,1.3828520104289055
boostcamp-sts-v1-test-432,2.3688361033797265
boostcamp-sts-v1-test-433,1.4006296902894972
boostcamp-sts-v1-test-434,0.049817769229412084
boostcamp-sts-v1-test-435,2.2806473925709727
boostcamp-sts-v1-test-436,1.699466834962368
boostcamp-sts-v1-test-437,1.835792301595211
boostcamp-sts-v1-test-438,2.4017412945628167
boostcamp-sts-v1-test-439,3.5507287323474888
boostcamp-sts-v1-test-440,0.2854848429560662
boostcamp-sts-v1-test-441,2.367507483065128
boostcamp-sts-v1-test-442,3.782617700099945
boostcamp-sts-v1-test-443,2.325772875547409
boostcamp-sts-v1-test-444,3.949463918805122
boostcamp-sts-v1-test-445,0.6513568878173829
boostcamp-sts-v1-test-446,3.532717023789883
boostcamp-sts-v1-test-447,1.0659041583538056
boostcamp-sts-v1-test-448,4.417047975957393
boostcamp-sts-v1-test-449,3.832616752386093
boostcamp-sts-v1-test-450,2.9837596967816356
boostcamp-sts-v1-test-451,1.4680301919579506
boostcamp-sts-v1-test-452,4.016414858400822
boostcamp-sts-v1-test-453,1.7852500826120377
boostcamp-sts-v1-test-454,2.298538015782833
boostcamp-sts-v1-test-455,1.3151543512940407
boostcamp-sts-v1-test-456,1.1822341725230217
boostcamp-sts-v1-test-457,3.115328568220139
boostcamp-sts-v1-test-458,0.9650521367788314
boostcamp-sts-v1-test-459,2.4497815161943435
boostcamp-sts-v1-test-460,0.016816726326942446
boostcamp-sts-v1-test-461,4.266798593103886
boostcamp-sts-v1-test-462,4.800743785500527
boostcamp-sts-v1-test-463,3.401273740828037
boostcamp-sts-v1-test-464,1.3514446333050727
boostcamp-sts-v1-test-465,0.0506673812866211
boostcamp-sts-v1-test-466,2.2999668031930924
boostcamp-sts-v1-test-467,1.9989667639136315
boostcamp-sts-v1-test-468,2.7339759141206743
boostcamp-sts-v1-test-469,1.785269944369793
boostcamp-sts-v1-test-470,2.8671281352639193
boostcamp-sts-v1-test-471,1.6552922010421753
boostcamp-sts-v1-test-472,4.232485096156597
boostcamp-sts-v1-test-473,3.657024686038494
boostcamp-sts-v1-test-474,2.8686289548873907
boostcamp-sts-v1-test-475,0.00021720230579376498
boostcamp-sts-v1-test-476,4.201774552464485
boostcamp-sts-v1-test-477,2.067004838585854
boostcamp-sts-v1-test-478,2.1850125804543494
boostcamp-sts-v1-test-479,2.301886500418186
boostcamp-sts-v1-test-480,4.383584091067314
boostcamp-sts-v1-test-481,0.9661113649606705
boostcamp-sts-v1-test-482,5.0
boostcamp-sts-v1-test-483,4.917908889055252
boostcamp-sts-v1-test-484,2.4493985727429393
boostcamp-sts-v1-test-485,3.2651165649294853
boostcamp-sts-v1-test-486,1.749414686858654
boostcamp-sts-v1-test-487,3.5165995240211485
boostcamp-sts-v1-test-488,0.24773974865674975
boostcamp-sts-v1-test-489,0.9986332133412361
boostcamp-sts-v1-test-490,4.082665339112282
boostcamp-sts-v1-test-491,2.232574205100536
boostcamp-sts-v1-test-492,2.5331370472908024
boostcamp-sts-v1-test-493,0.13348103016614915
boostcamp-sts-v1-test-494,4.034741991758346
boostcamp-sts-v1-test-495,0.050366203486919406
boostcamp-sts-v1-test-496,4.901125763356686
boostcamp-sts-v1-test-497,4.984493009746074
boostcamp-sts-v1-test-498,3.74996540248394
boostcamp-sts-v1-test-499,2.6506170451641085
boostcamp-sts-v1-test-500,0.3471269071102142
boostcamp-sts-v1-test-501,4.817844478785991
boostcamp-sts-v1-test-502,4.116749586164951
boostcamp-sts-v1-test-503,2.4730460509657863
boostcamp-sts-v1-test-504,5.0
boostcamp-sts-v1-test-505,0.8995399117469788
boostcamp-sts-v1-test-506,1.035636031627655
boostcamp-sts-v1-test-507,0.8002936035394669
boostcamp-sts-v1-test-508,0.016766351461410523
boostcamp-sts-v1-test-509,3.999799631536007
boostcamp-sts-v1-test-510,1.7178116753697394
boostcamp-sts-v1-test-511,1.200276517868042
boostcamp-sts-v1-test-512,0.06680132299661637
boostcamp-sts-v1-test-513,2.268007792532444
boostcamp-sts-v1-test-514,0.8506333708763123
boostcamp-sts-v1-test-515,0.8332998096942902
boostcamp-sts-v1-test-516,1.668767009675503
boostcamp-sts-v1-test-517,2.2669181779026983
boostcamp-sts-v1-test-518,4.817894853651524
boostcamp-sts-v1-test-519,0.766603697836399
boostcamp-sts-v1-test-520,0.7321326807141305
boostcamp-sts-v1-test-521,2.583798947930336
boostcamp-sts-v1-test-522,1.1676911041140556
boostcamp-sts-v1-test-523,2.8845257207751276
boostcamp-sts-v1-test-524,1.5512161031365395
boostcamp-sts-v1-test-525,3.282884833216667
boostcamp-sts-v1-test-526,1.9840441048145294
boostcamp-sts-v1-test-527,0.8485300049185753
boostcamp-sts-v1-test-528,1.6009949102997778
boostcamp-sts-v1-test-529,4.501114079356194
boostcamp-sts-v1-test-530,4.951157994568348
boostcamp-sts-v1-test-531,1.1334330931305887
boostcamp-sts-v1-test-532,0.03318464457988739
boostcamp-sts-v1-test-533,1.217647159099579
boostcamp-sts-v1-test-534,1.5177968472242354
boostcamp-sts-v1-test-535,4.3335999161005025
boostcamp-sts-v1-test-536,4.268007926642895
boostcamp-sts-v1-test-537,4.183068500459194
boostcamp-sts-v1-test-538,1.6344631373882295
boostcamp-sts-v1-test-539,0.5142001137137413
boostcamp-sts-v1-test-540,1.3660469993948938
boostcamp-sts-v1-test-541,4.717780438065529
boostcamp-sts-v1-test-542,3.2167023077607158
boostcamp-sts-v1-test-543,0.9156523004174233
boostcamp-sts-v1-test-544,1.7841780677437782
boostcamp-sts-v1-test-545,2.4666766852140425
boostcamp-sts-v1-test-546,5.0
boostcamp-sts-v1-test-547,4.934444004297257
boostcamp-sts-v1-test-548,3.1843624293804167
boostcamp-sts-v1-test-549,2.418428516387939
boostcamp-sts-v1-test-550,0.8829024299979211
boostcamp-sts-v1-test-551,0.6328845992684365
boostcamp-sts-v1-test-552,2.497039607167244
boostcamp-sts-v1-test-553,3.265381401777268
boostcamp-sts-v1-test-554,4.617613609135151
boostcamp-sts-v1-test-555,3.85053303539753
boostcamp-sts-v1-test-556,1.3146243751049043
boostcamp-sts-v1-test-557,1.5992539539933204
boostcamp-sts-v1-test-558,2.2159891366958617
boostcamp-sts-v1-test-559,2.8608936294913287
boostcamp-sts-v1-test-560,4.332917515933514
boostcamp-sts-v1-test-561,4.617348402738571
boostcamp-sts-v1-test-562,0.8189287468791009
boostcamp-sts-v1-test-563,2.43379757553339
boostcamp-sts-v1-test-564,0.8998235613107681
boostcamp-sts-v1-test-565,3.949617029726505
boostcamp-sts-v1-test-566,3.61625157147646
boostcamp-sts-v1-test-567,3.9827997401356696
boostcamp-sts-v1-test-568,3.396711902320385
boostcamp-sts-v1-test-569,4.917443306744098
boostcamp-sts-v1-test-570,1.700946892797947
boostcamp-sts-v1-test-571,2.3332346841692924
boostcamp-sts-v1-test-572,2.7633971691131594
boostcamp-sts-v1-test-573,2.5007014736533164
boostcamp-sts-v1-test-574,1.7510490655899047
boostcamp-sts-v1-test-575,4.566798597574234
boostcamp-sts-v1-test-576,4.318557679653169
boostcamp-sts-v1-test-577,0.38285204768180847
boostcamp-sts-v1-test-578,0.9329055219888687
boostcamp-sts-v1-test-579,2.583107505738735
boostcamp-sts-v1-test-580,3.985155828297138
boostcamp-sts-v1-test-581,0.08383525162935257
boostcamp-sts-v1-test-582,0.3328030422329903
boostcamp-sts-v1-test-583,4.466999024152756
boostcamp-sts-v1-test-584,1.8062691166996956
boostcamp-sts-v1-test-585,4.250697815418244
boostcamp-sts-v1-test-586,2.885225383937359
boostcamp-sts-v1-test-587,0.4999691992998123
boostcamp-sts-v1-test-588,4.751463896036149
boostcamp-sts-v1-test-589,0.9000613123178482
boostcamp-sts-v1-test-590,3.1686257451772692
boostcamp-sts-v1-test-591,3.5004717648029327
boostcamp-sts-v1-test-592,2.266597765684128
boostcamp-sts-v1-test-593,4.000565585494041
boostcamp-sts-v1-test-594,3.99906959682703
boostcamp-sts-v1-test-595,0.2173487067222595
boostcamp-sts-v1-test-596,4.400114412605762
boostcamp-sts-v1-test-597,4.017047268152236
boostcamp-sts-v1-test-598,2.8008769154548645
boostcamp-sts-v1-test-599,2.7340003266930584
boostcamp-sts-v1-test-600,2.499637508392334
boostcamp-sts-v1-test-601,3.51054624915123
boostcamp-sts-v1-test-602,4.617903161048889
boostcamp-sts-v1-test-603,3.0161823228001596
boostcamp-sts-v1-test-604,4.666914999485016
boostcamp-sts-v1-test-605,0.09984963089227676
boostcamp-sts-v1-test-606,2.600708520412445
boostcamp-sts-v1-test-607,2.416298818588257
boostcamp-sts-v1-test-608,0.05019937604665757
boostcamp-sts-v1-test-609,1.832657790184021
boostcamp-sts-v1-test-610,4.16664579808712
boostcamp-sts-v1-test-611,4.3831861317157745
boostcamp-sts-v1-test-612,4.284294557571411
boostcamp-sts-v1-test-613,1.1333994403481484
boostcamp-sts-v1-test-614,1.1179927930235862
boostcamp-sts-v1-test-615,3.7668513685464857
boostcamp-sts-v1-test-616,2.797595091164112
boostcamp-sts-v1-test-617,3.0337972670793536
boostcamp-sts-v1-test-618,3.599270388484001
boostcamp-sts-v1-test-619,1.5179168313741684
boostcamp-sts-v1-test-620,1.1661734953522682
boostcamp-sts-v1-test-621,1.9649908527731894
boostcamp-sts-v1-test-622,2.299189607799053
boostcamp-sts-v1-test-623,3.834212803840637
boostcamp-sts-v1-test-624,4.500214476883412
boostcamp-sts-v1-test-625,0.3164518982172013
boostcamp-sts-v1-test-626,3.983667676150799
boostcamp-sts-v1-test-627,4.834711210429668
boostcamp-sts-v1-test-628,2.2830957666039464
boostcamp-sts-v1-test-629,0.5828661367297172
boostcamp-sts-v1-test-630,0.9663477495312691
boostcamp-sts-v1-test-631,2.1339979991316795
boostcamp-sts-v1-test-632,1.0169955641031265
boostcamp-sts-v1-test-633,3.6498982518911363
boostcamp-sts-v1-test-634,0.4164574325084687
boostcamp-sts-v1-test-635,2.5155330792069432
boostcamp-sts-v1-test-636,2.8180848211050034
boostcamp-sts-v1-test-637,0.06685169786214828
boostcamp-sts-v1-test-638,3.2155337870121006
boostcamp-sts-v1-test-639,4.533613583445549
boostcamp-sts-v1-test-640,2.4648714393377307
boostcamp-sts-v1-test-641,3.9339811995625493
boostcamp-sts-v1-test-642,0.8820169657468796
boostcamp-sts-v1-test-643,3.082047858834267
boostcamp-sts-v1-test-644,2.298310886323452
boostcamp-sts-v1-test-645,0.7197416841983795
boostcamp-sts-v1-test-646,4.517627272009849
boostcamp-sts-v1-test-647,2.914876064658165
boostcamp-sts-v1-test-648,0.9492025315761566
boostcamp-sts-v1-test-649,1.8810964599251747
boostcamp-sts-v1-test-650,3.9987691730260844
boostcamp-sts-v1-test-651,1.7476658046245577
boostcamp-sts-v1-test-652,4.3659822136163715
boostcamp-sts-v1-test-653,0.8326839089393616
boostcamp-sts-v1-test-654,2.2852236390113827
boostcamp-sts-v1-test-655,2.201589621603489
boostcamp-sts-v1-test-656,4.967759889364243
boostcamp-sts-v1-test-657,0.5669989660382271
boostcamp-sts-v1-test-658,1.8516407117247582
boostcamp-sts-v1-test-659,4.784428597986698
boostcamp-sts-v1-test-660,4.216401581466198
boostcamp-sts-v1-test-661,0.06680132299661637
boostcamp-sts-v1-test-662,2.899212431907654
boostcamp-sts-v1-test-663,3.2978942751884457
boostcamp-sts-v1-test-664,1.448863033950329
boostcamp-sts-v1-test-665,1.9660000756382943
boostcamp-sts-v1-test-666,1.450959500670433
boostcamp-sts-v1-test-667,3.233616304397583
boostcamp-sts-v1-test-668,2.1679630532860754
boostcamp-sts-v1-test-669,4.066185377538204
boostcamp-sts-v1-test-670,2.518917478621006
boostcamp-sts-v1-test-671,3.641625535488129
boostcamp-sts-v1-test-672,2.6999284818768503
boostcamp-sts-v1-test-673,4.7677598863840105
boostcamp-sts-v1-test-674,1.0845289081335068
boostcamp-sts-v1-test-675,3.9501302987337112
boostcamp-sts-v1-test-676,2.582083334028721
boostcamp-sts-v1-test-677,2.549556516110897
boostcamp-sts-v1-test-678,4.767645420134067
boostcamp-sts-v1-test-679,3.298205675184726
boostcamp-sts-v1-test-680,0.9173878505825995
boostcamp-sts-v1-test-681,1.3335162281990054
boostcamp-sts-v1-test-682,1.8356090992689134
boostcamp-sts-v1-test-683,3.732752613723278
boostcamp-sts-v1-test-684,3.4835438534617422
boostcamp-sts-v1-test-685,2.814870235323906
boostcamp-sts-v1-test-686,4.851077127456666
boostcamp-sts-v1-test-687,4.284447720646858
boostcamp-sts-v1-test-688,4.583567371964455
boostcamp-sts-v1-test-689,1.2820439532399177
boostcamp-sts-v1-test-690,4.0494834870100025
boostcamp-sts-v1-test-691,3.850915026664734
boostcamp-sts-v1-test-692,0.19980236738920212
boostcamp-sts-v1-test-693,4.98455984145403
boostcamp-sts-v1-test-694,2.3166038632392882
boostcamp-sts-v1-test-695,3.949700516462326
boostcamp-sts-v1-test-696,1.3153061822056769
boostcamp-sts-v1-test-697,3.984211383759975
boostcamp-sts-v1-test-698,4.334377163648606
boostcamp-sts-v1-test-699,0.600047643482685
boostcamp-sts-v1-test-700,4.967927086353302
boostcamp-sts-v1-test-701,0.13280303925275802
boostcamp-sts-v1-test-702,2.352397485077381
boostcamp-sts-v1-test-703,1.332633963227272
boostcamp-sts-v1-test-704,1.5476376146078108
boostcamp-sts-v1-test-705,3.30018365085125
boostcamp-sts-v1-test-706,2.684025391936302
boostcamp-sts-v1-test-707,3.5335735201835634
boostcamp-sts-v1-test-708,3.0502803385257726
boostcamp-sts-v1-test-709,4.4680237218737595
boostcamp-sts-v1-test-710,0.7678934082388877
boostcamp-sts-v1-test-711,2.0343607768416403
boostcamp-sts-v1-test-712,4.951293961703777
boostcamp-sts-v1-test-713,2.9473361924290655
boostcamp-sts-v1-test-714,3.5337982788681983
boostcamp-sts-v1-test-715,0.0
boostcamp-sts-v1-test-716,3.267077448964119
boostcamp-sts-v1-test-717,4.800894525647164
boostcamp-sts-v1-test-718,3.935189010202884
boostcamp-sts-v1-test-719,4.716711267828941
boostcamp-sts-v1-test-720,4.567065805196762
boostcamp-sts-v1-test-721,4.7005965754389765
boostcamp-sts-v1-test-722,0.16704896539449693
boostcamp-sts-v1-test-723,0.0
boostcamp-sts-v1-test-724,0.48298564553260803
boostcamp-sts-v1-test-725,1.2835536062717439
boostcamp-sts-v1-test-726,1.7512970611453058
boostcamp-sts-v1-test-727,4.366798594594002
boostcamp-sts-v1-test-728,3.9167526409029962
boostcamp-sts-v1-test-729,4.46668177396059
boostcamp-sts-v1-test-730,2.3527036175131797
boostcamp-sts-v1-test-731,1.599069930613041
boostcamp-sts-v1-test-732,2.350222314894199
boostcamp-sts-v1-test-733,3.6332182988524444
boostcamp-sts-v1-test-734,2.032683557271957
boostcamp-sts-v1-test-735,4.266982194781304
boostcamp-sts-v1-test-736,2.7122466877102855
boostcamp-sts-v1-test-737,4.267316588759422
boostcamp-sts-v1-test-738,2.698201943933964
boostcamp-sts-v1-test-739,2.248863045871258
boostcamp-sts-v1-test-740,2.7165331169962883
boostcamp-sts-v1-test-741,1.3331986978650092
boostcamp-sts-v1-test-742,2.56603535413742
boostcamp-sts-v1-test-743,4.834045939147472
boostcamp-sts-v1-test-744,3.3502806082367895
boostcamp-sts-v1-test-745,4.016100031137466
boostcamp-sts-v1-test-746,3.5036042600870134
boostcamp-sts-v1-test-747,2.7323971256613735
boostcamp-sts-v1-test-748,3.533296740055084
boostcamp-sts-v1-test-749,1.6819697126746178
boostcamp-sts-v1-test-750,4.299866415560246
boostcamp-sts-v1-test-751,4.383567686378956
boostcamp-sts-v1-test-752,0.0
boostcamp-sts-v1-test-753,1.899555592238903
boostcamp-sts-v1-test-754,0.8484893590211868
boostcamp-sts-v1-test-755,2.7835986271500586
boostcamp-sts-v1-test-756,3.698323205113411
boostcamp-sts-v1-test-757,2.1307494953274726
boostcamp-sts-v1-test-758,2.715946288406849
boostcamp-sts-v1-test-759,0.9828828647732735
boostcamp-sts-v1-test-760,4.150280302762985
boostcamp-sts-v1-test-761,1.6148008167743684
boostcamp-sts-v1-test-762,3.8849653407931326
boostcamp-sts-v1-test-763,4.917878080904484
boostcamp-sts-v1-test-764,3.8670157894492148
boostcamp-sts-v1-test-765,0.517593877017498
boostcamp-sts-v1-test-766,1.5472040683031083
boostcamp-sts-v1-test-767,3.28092415779829
boostcamp-sts-v1-test-768,5.0
boostcamp-sts-v1-test-769,2.1348711505532263
boostcamp-sts-v1-test-770,4.683464585244655
boostcamp-sts-v1-test-771,3.496540334820747
boostcamp-sts-v1-test-772,0.6979898750782013
boostcamp-sts-v1-test-773,1.602542994916439
boostcamp-sts-v1-test-774,0.34974895566701886
boostcamp-sts-v1-test-775,3.5330483600497242
boostcamp-sts-v1-test-776,4.167230573296547
boostcamp-sts-v1-test-777,3.6664225101470946
boostcamp-sts-v1-test-778,2.850416672229767
boostcamp-sts-v1-test-779,0.9840644478797914
boostcamp-sts-v1-test-780,1.2836993023753167
boostcamp-sts-v1-test-781,2.7977771133184435
boostcamp-sts-v1-test-782,1.9363260060548781
boostcamp-sts-v1-test-783,3.9804074674844743
boostcamp-sts-v1-test-784,4.70116408765316
boostcamp-sts-v1-test-785,2.254556357860565
boostcamp-sts-v1-test-786,1.6670371636748316
boostcamp-sts-v1-test-787,4.01739639788866
boostcamp-sts-v1-test-788,1.8302382230758667
boostcamp-sts-v1-test-789,0.5341079130768775
boostcamp-sts-v1-test-790,2.1974164307117463
boostcamp-sts-v1-test-791,2.333337789773941
boostcamp-sts-v1-test-792,2.33514514118433
boostcamp-sts-v1-test-793,0.8988195389509201
boostcamp-sts-v1-test-794,2.4662498146295544
boostcamp-sts-v1-test-795,5.0
boostcamp-sts-v1-test-796,2.595991939306259
boostcamp-sts-v1-test-797,3.464621144533157
boostcamp-sts-v1-test-798,0.6167214661836624
boostcamp-sts-v1-test-799,2.966760616004467
boostcamp-sts-v1-test-800,0.19887469708919525
boostcamp-sts-v1-test-801,2.232388550043106
boostcamp-sts-v1-test-802,3.5491402000188828
boostcamp-sts-v1-test-803,2.384657323360443
boostcamp-sts-v1-test-804,1.91647589802742
boostcamp-sts-v1-test-805,0.4002316117286682
boostcamp-sts-v1-test-806,1.0828688845038414
boostcamp-sts-v1-test-807,2.86666771620512
boostcamp-sts-v1-test-808,3.733299046754837
boostcamp-sts-v1-test-809,3.2691088423132895
boostcamp-sts-v1-test-810,4.0830880656838415
boostcamp-sts-v1-test-811,3.7988219529390337
boostcamp-sts-v1-test-812,2.219003488123417
boostcamp-sts-v1-test-813,4.033747541904449
boostcamp-sts-v1-test-814,2.0185701146721837
boostcamp-sts-v1-test-815,1.3171284630894662
boostcamp-sts-v1-test-816,2.1334850996732713
boostcamp-sts-v1-test-817,1.9160239085555077
boostcamp-sts-v1-test-818,4.0842360481619835
boostcamp-sts-v1-test-819,4.217713229358196
boostcamp-sts-v1-test-820,1.2825856074690818
boostcamp-sts-v1-test-821,1.500393307209015
boostcamp-sts-v1-test-822,1.0154672965407372
boostcamp-sts-v1-test-823,3.6493382066488262
boostcamp-sts-v1-test-824,0.3496197685599327
boostcamp-sts-v1-test-825,1.200642104446888
boostcamp-sts-v1-test-826,4.100396123528481
boostcamp-sts-v1-test-827,4.917892114818096
boostcamp-sts-v1-test-828,2.8501991003751757
boostcamp-sts-v1-test-829,3.1332350134849554
boostcamp-sts-v1-test-830,1.9517224565148352
boostcamp-sts-v1-test-831,1.0838777378201485
boostcamp-sts-v1-test-832,3.1155403420329093
boostcamp-sts-v1-test-833,0.9317761242389678
boostcamp-sts-v1-test-834,2.749801035225391
boostcamp-sts-v1-test-835,2.317992773652077
boostcamp-sts-v1-test-836,4.667564235627651
boostcamp-sts-v1-test-837,3.550101366639137
boostcamp-sts-v1-test-838,3.3821832895278927
boostcamp-sts-v1-test-839,0.6167143166065217
boostcamp-sts-v1-test-840,1.3335474953055384
boostcamp-sts-v1-test-841,4.299303245544434
boostcamp-sts-v1-test-842,3.9551721572875973
boostcamp-sts-v1-test-843,4.466651017963886
boostcamp-sts-v1-test-844,1.1986690685153008
boostcamp-sts-v1-test-845,3.7171311348676683
boostcamp-sts-v1-test-846,4.76896774917841
boostcamp-sts-v1-test-847,4.416468364000321
boostcamp-sts-v1-test-848,4.26531857252121
boostcamp-sts-v1-test-849,1.1827849105000496
boostcamp-sts-v1-test-850,2.133376218378544
boostcamp-sts-v1-test-851,1.6170620203018191
boostcamp-sts-v1-test-852,3.9486869886517524
boostcamp-sts-v1-test-853,1.5837636485695838
boostcamp-sts-v1-test-854,4.099754738807678
boostcamp-sts-v1-test-855,3.982498562335968
boostcamp-sts-v1-test-856,2.4489750251173974
boostcamp-sts-v1-test-857,0.9328790709376334
boostcamp-sts-v1-test-858,1.4340150281786919
boostcamp-sts-v1-test-859,0.5963545128703117
boostcamp-sts-v1-test-860,5.0
boostcamp-sts-v1-test-861,1.1159003660082818
boostcamp-sts-v1-test-862,3.2657853826880454
boostcamp-sts-v1-test-863,4.549831500649452
boostcamp-sts-v1-test-864,4.934725615382194
boostcamp-sts-v1-test-865,3.26683700978756
boostcamp-sts-v1-test-866,1.3662361338734628
boostcamp-sts-v1-test-867,0.0
boostcamp-sts-v1-test-868,3.4336307108402253
boostcamp-sts-v1-test-869,0.8996968492865562
boostcamp-sts-v1-test-870,4.483066466450691
boostcamp-sts-v1-test-871,3.033354257047176
boostcamp-sts-v1-test-872,0.8824080407619477
boostcamp-sts-v1-test-873,3.3178139507770537
boostcamp-sts-v1-test-874,2.4499438300728795
boostcamp-sts-v1-test-875,1.4665361896157263
boostcamp-sts-v1-test-876,4.984576615691185
boostcamp-sts-v1-test-877,0.6834372490644456
boostcamp-sts-v1-test-878,3.4005323976278303
boostcamp-sts-v1-test-879,1.8300242349505424
boostcamp-sts-v1-test-880,4.283080971240997
boostcamp-sts-v1-test-881,4.4339791014790535
boostcamp-sts-v1-test-882,2.5978878393769267
boostcamp-sts-v1-test-883,4.064639596641063
boostcamp-sts-v1-test-884,3.7169503256678587
boostcamp-sts-v1-test-885,4.0661001548171045
boostcamp-sts-v1-test-886,2.5168139711022377
boostcamp-sts-v1-test-887,4.033349108695984
boostcamp-sts-v1-test-888,2.734062099456787
boostcamp-sts-v1-test-889,4.8168788507580755
boostcamp-sts-v1-test-890,4.132967503368854
boostcamp-sts-v1-test-891,2.317064017057419
boostcamp-sts-v1-test-892,3.098323652148247
boostcamp-sts-v1-test-893,4.050263474881649
boostcamp-sts-v1-test-894,1.435020875930786
boostcamp-sts-v1-test-895,4.016133949160576
boostcamp-sts-v1-test-896,2.6489011138677596
boostcamp-sts-v1-test-897,2.133499450981617
boostcamp-sts-v1-test-898,0.0
boostcamp-sts-v1-test-899,3.8008109048008913
boostcamp-sts-v1-test-900,0.6163183063268662
boostcamp-sts-v1-test-901,1.1641892850399018
boostcamp-sts-v1-test-902,1.117215560376644
boostcamp-sts-v1-test-903,3.3006800934672356
boostcamp-sts-v1-test-904,2.232255057990551
boostcamp-sts-v1-test-905,2.9159535080194474
boostcamp-sts-v1-test-906,3.698652663826942
boostcamp-sts-v1-test-907,1.4510215386748313
boostcamp-sts-v1-test-908,0.5996691465377808
boostcamp-sts-v1-test-909,4.050366263091564
boostcamp-sts-v1-test-910,4.299234057962894
boostcamp-sts-v1-test-911,0.7842784181237221
boostcamp-sts-v1-test-912,2.130756223201752
boostcamp-sts-v1-test-913,3.9661449953913688
boostcamp-sts-v1-test-914,1.2499825760722159
boostcamp-sts-v1-test-915,2.765374562144279
boostcamp-sts-v1-test-916,2.6504978001117707
boostcamp-sts-v1-test-917,4.532930798828602
boostcamp-sts-v1-test-918,4.833812399208546
boostcamp-sts-v1-test-919,4.400896506011486
boostcamp-sts-v1-test-920,3.197749876976013
boostcamp-sts-v1-test-921,3.732633420825005
boostcamp-sts-v1-test-922,3.484514909982681
boostcamp-sts-v1-test-923,4.9343104079365725
boostcamp-sts-v1-test-924,5.0
boostcamp-sts-v1-test-925,0.6491477951407433
boostcamp-sts-v1-test-926,1.7191617026925088
boostcamp-sts-v1-test-927,4.934976048767566
boostcamp-sts-v1-test-928,4.8509267047047615
boostcamp-sts-v1-test-929,4.500596083700657
boostcamp-sts-v1-test-930,5.0
boostcamp-sts-v1-test-931,4.066764619946479
boostcamp-sts-v1-test-932,1.6662336111068725
boostcamp-sts-v1-test-933,1.5005488261580469
boostcamp-sts-v1-test-934,4.215921913087368
boostcamp-sts-v1-test-935,0.05021583288908005
boostcamp-sts-v1-test-936,2.7517793804407122
boostcamp-sts-v1-test-937,4.450673207640648
boostcamp-sts-v1-test-938,1.499800015985966
boostcamp-sts-v1-test-939,4.017081201076508
boostcamp-sts-v1-test-940,4.700612913072109
boostcamp-sts-v1-test-941,4.333566315472126
boostcamp-sts-v1-test-942,3.1730217009782793
boostcamp-sts-v1-test-943,2.4498170137405393
boostcamp-sts-v1-test-944,3.583367298543453
boostcamp-sts-v1-test-945,0.0
boostcamp-sts-v1-test-946,0.8331153497099877
boostcamp-sts-v1-test-947,2.684545388817787
boostcamp-sts-v1-test-948,4.80096098780632
boostcamp-sts-v1-test-949,3.09918447136879
boostcamp-sts-v1-test-950,3.483080537617206
boostcamp-sts-v1-test-951,3.700381661951542
boostcamp-sts-v1-test-952,0.6661977440118789
boostcamp-sts-v1-test-953,4.383169305324555
boostcamp-sts-v1-test-954,3.8498650908470156
boostcamp-sts-v1-test-955,4.532931604981423
boostcamp-sts-v1-test-956,1.7338647663593294
boostcamp-sts-v1-test-957,2.950082701444626
boostcamp-sts-v1-test-958,3.1045243307948107
boostcamp-sts-v1-test-959,2.168016766011715
boostcamp-sts-v1-test-960,4.1169335573911665
boostcamp-sts-v1-test-961,3.566264182329178
boostcamp-sts-v1-test-962,3.2655297338962557
boostcamp-sts-v1-test-963,4.984393066167831
boostcamp-sts-v1-test-964,4.283826988935471
boostcamp-sts-v1-test-965,2.849968181550503
boostcamp-sts-v1-test-966,1.1668769896030426
boostcamp-sts-v1-test-967,3.499134367704392
boostcamp-sts-v1-test-968,3.5812517389655114
boostcamp-sts-v1-test-969,0.3328030422329903
boostcamp-sts-v1-test-970,2.4160320475697517
boostcamp-sts-v1-test-971,1.4988840237259864
boostcamp-sts-v1-test-972,1.6983208045363427
boostcamp-sts-v1-test-973,2.866460455954075
boostcamp-sts-v1-test-974,3.3507290989160534
boostcamp-sts-v1-test-975,2.0516199871897696
boostcamp-sts-v1-test-976,2.033931218087673
boostcamp-sts-v1-test-977,3.2175347089767454
boostcamp-sts-v1-test-978,3.584478518366814
boostcamp-sts-v1-test-979,3.816833557188511
boostcamp-sts-v1-test-980,1.5162822961807252
boostcamp-sts-v1-test-981,2.87983315885067
boostcamp-sts-v1-test-982,4.065572482347489
boostcamp-sts-v1-test-983,1.6350592061877252
boostcamp-sts-v1-test-984,4.367015796899796
boostcamp-sts-v1-test-985,1.3666509196162222
boostcamp-sts-v1-test-986,1.3852593839168548
boostcamp-sts-v1-test-987,3.5658736377954483
boostcamp-sts-v1-test-988,4.9848770394921305
boostcamp-sts-v1-test-989,3.3678294226527212
boostcamp-sts-v1-test-990,2.1012562453746795
boostcamp-sts-v1-test-991,4.617660874128342
boostcamp-sts-v1-test-992,4.3826348528265955
boostcamp-sts-v1-test-993,1.0677338019013405
boostcamp-sts-v1-test-994,1.3792011201381684
boostcamp-sts-v1-test-995,1.3173291563987732
boostcamp-sts-v1-test-996,3.282061126828194
boostcamp-sts-v1-test-997,3.733764311671257
boostcamp-sts-v1-test-998,3.0685000509023665
boostcamp-sts-v1-test-999,3.5339095830917358
boostcamp-sts-v1-test-1000,4.417396034300327
boostcamp-sts-v1-test-1001,4.283849295973778
boostcamp-sts-v1-test-1002,1.1168999642133712
boostcamp-sts-v1-test-1003,3.8164467871189114
boostcamp-sts-v1-test-1004,4.834109978377819
boostcamp-sts-v1-test-1005,3.566793856024742
boostcamp-sts-v1-test-1006,4.1990079313516615
boostcamp-sts-v1-test-1007,0.0
boostcamp-sts-v1-test-1008,2.4225749909877776
boostcamp-sts-v1-test-1009,0.7323697671294213
boostcamp-sts-v1-test-1010,0.3829024225473404
boostcamp-sts-v1-test-1011,4.734413193166256
boostcamp-sts-v1-test-1012,1.234792324900627
boostcamp-sts-v1-test-1013,3.1031986489892005
boostcamp-sts-v1-test-1014,3.6490545570850372
boostcamp-sts-v1-test-1015,3.2677098065614696
boostcamp-sts-v1-test-1016,3.7819669514894483
boostcamp-sts-v1-test-1017,4.500383660197258
boostcamp-sts-v1-test-1018,1.166247372329235
boostcamp-sts-v1-test-1019,4.200423718988896
boostcamp-sts-v1-test-1020,3.449836632609367
boostcamp-sts-v1-test-1021,1.083868534862995
boostcamp-sts-v1-test-1022,1.0665177404880524
boostcamp-sts-v1-test-1023,3.5667173475027085
boostcamp-sts-v1-test-1024,4.134455655515194
boostcamp-sts-v1-test-1025,3.899949631094932
boostcamp-sts-v1-test-1026,1.3839969351887702
boostcamp-sts-v1-test-1027,4.268893390893936
boostcamp-sts-v1-test-1028,1.3504722401499747
boostcamp-sts-v1-test-1029,4.834677979350089
boostcamp-sts-v1-test-1030,1.3512227192521096
boostcamp-sts-v1-test-1031,5.0
boostcamp-sts-v1-test-1032,1.700730060040951
boostcamp-sts-v1-test-1033,4.967609940469265
boostcamp-sts-v1-test-1034,3.701080836355686
boostcamp-sts-v1-test-1035,2.034673196077347
boostcamp-sts-v1-test-1036,2.0499106973409655
boostcamp-sts-v1-test-1037,1.4690160512924195
boostcamp-sts-v1-test-1038,2.5012765198945996
boostcamp-sts-v1-test-1039,4.667130215466022
boostcamp-sts-v1-test-1040,3.783135695755482
boostcamp-sts-v1-test-1041,0.7317253768444061
boostcamp-sts-v1-test-1042,3.767030191421509
boostcamp-sts-v1-test-1043,3.8847433596849443
boostcamp-sts-v1-test-1044,3.0821312412619593
boostcamp-sts-v1-test-1045,4.315900413691998
boostcamp-sts-v1-test-1046,4.566614995896816
boostcamp-sts-v1-test-1047,3.7329866945743557
boostcamp-sts-v1-test-1048,1.3518646866083146
boostcamp-sts-v1-test-1049,1.1835792496800424
boostcamp-sts-v1-test-1050,4.767397040128707
boostcamp-sts-v1-test-1051,4.516479659080506
boostcamp-sts-v1-test-1052,1.8509023517370224
boostcamp-sts-v1-test-1053,0.11636586636304855
boostcamp-sts-v1-test-1054,1.133602713048458
boostcamp-sts-v1-test-1055,4.417412808537483
boostcamp-sts-v1-test-1056,4.583564579486847
boostcamp-sts-v1-test-1057,0.8825845450162888
boostcamp-sts-v1-test-1058,1.0664001643657686
boostcamp-sts-v1-test-1059,4.467077414691448
boostcamp-sts-v1-test-1060,4.655072171986103
boostcamp-sts-v1-test-1061,1.9008749678730963
boostcamp-sts-v1-test-1062,5.0
boostcamp-sts-v1-test-1063,3.7500322863459585
boostcamp-sts-v1-test-1064,0.91684760004282
boostcamp-sts-v1-test-1065,0.9642059519886971
boostcamp-sts-v1-test-1066,2.316503919661045
boostcamp-sts-v1-test-1067,4.285323029756546
boostcamp-sts-v1-test-1068,4.048185014724732
boostcamp-sts-v1-test-1069,2.01768663674593
boostcamp-sts-v1-test-1070,4.401097251474858
boostcamp-sts-v1-test-1071,0.3002148360013962
boostcamp-sts-v1-test-1072,5.0
boostcamp-sts-v1-test-1073,1.7030886381864547
boostcamp-sts-v1-test-1074,3.9004348322749136
boostcamp-sts-v1-test-1075,2.486600296199322
boostcamp-sts-v1-test-1076,3.5815368488430974
boostcamp-sts-v1-test-1077,0.0491905227303505
boostcamp-sts-v1-test-1078,3.98409970998764
boostcamp-sts-v1-test-1079,3.2339955925941464
boostcamp-sts-v1-test-1080,4.449899069964886
boostcamp-sts-v1-test-1081,3.534132251143456
boostcamp-sts-v1-test-1082,2.9168676897883414
boostcamp-sts-v1-test-1083,1.6683801874518396
boostcamp-sts-v1-test-1084,1.267229828238487
boostcamp-sts-v1-test-1085,2.3849249377846715
boostcamp-sts-v1-test-1086,1.534412708878517
boostcamp-sts-v1-test-1087,3.56458770185709
boostcamp-sts-v1-test-1088,3.3687879011034965
boostcamp-sts-v1-test-1089,1.4476952418684959
boostcamp-sts-v1-test-1090,0.06645052433013916
boostcamp-sts-v1-test-1091,4.784130160510539
boostcamp-sts-v1-test-1092,2.2509510636329653
boostcamp-sts-v1-test-1093,4.333678306639195
boostcamp-sts-v1-test-1094,4.634098297357559
boostcamp-sts-v1-test-1095,1.4669465512037276
boostcamp-sts-v1-test-1096,4.249168647825718
boostcamp-sts-v1-test-1097,3.7650069519877434
boostcamp-sts-v1-test-1098,3.8508067429065704
boostcamp-sts-v1-test-1099,4.817577655613423
